SCHOOL NAME,ADDRESS,CITY,POSTAL CODE,FSA
Cliffwood,140 Cliffwood Road,North York,M2H 2E4,M2H
Cedarvale Community School,145 Ava Road,York,M6C 1W4,M6C
Greenland,15 Greenland Road,North York,M3C 1N1,M3C
C R Marchant,1 Ralph Street,York,M9N 3A8,M9N
White Haven,105 Invergordon Avenue,Agincourt,M1S 2Z1,M1S
Wexford,1050 Pharmacy Avenue,Scarborough,M1R 2H1,M1R
Seventh Street,101 Seventh Street,Etobicoke,M8V 3B5,M8V
Norseman,105 Norseman Street,Etobicoke,M8Z 2R1,M8Z
Scarborough Village,15 Luella Street,Scarborough,M1J 3P2,M1J
Winchester,15 Prospect Street,Toronto,M4X 1C7,M4X
Lillian,1059 Lillian Street,North York,M2M 3G1,M2M
King Edward,112 Lippincott Street,Toronto,M5S 2P1,M5S
Orde Street,18 Orde Street,Toronto,M5T 1N7,M5T
Brimwood Boulevard,151 Brimwood Boulevard,Agincourt,M1V 1E5,M1V
Burrows Hall,151 Burrows Hall Boulevard,Agincourt,M1B 1M5,M1B
Charles E Webster,1900 Keele Street,York,M6M 3X7,M6M
Timberbank,170 Timberbank Boulevard,Agincourt,M1W 2A3,M1W
Glen Park,101 Englemount Avenue,North York,M6B 4L5,M6B
ALPHA Alternative,20 Brant Street,Toronto,M5V 2M1,M5V
Chief Dan George,185 Generation Boulevard,Scarborough,M1B 2K5,M1B
Kew Beach,101 Kippendavie Avenue,Toronto,M4L 3R3,M4L
Eastview,20 Waldock Street,West Hill,M1E 2E5,M1E
Birch Cliff Heights,120 Highview Avenue,Scarborough,M1N 2J1,M1N
Terry Fox,185 Wintermute Boulevard,Agincourt,M1W 3M9,M1W
Pierre Laporte,1270 Wilson Avenue,North York,M3M 1H5,M3M
Weston Memorial,200 John Street,York,M9N 1K2,M9N
William G Davis,128 East Avenue,West Hill,M1C 3L6,M1C
George R Gauld,200 Melrose Street,Etobicoke,M8Y 1B7,M8Y
Gracedale,186 Gracedale Boulevard,North York,M9L 2C1,M9L
Fern Avenue,128 Fern Avenue,Toronto,M6R 1K3,M6R
Niagara Street,222 Niagara Street,Toronto,M6J 2L3,M6J
George Webster Elementary School,2 Cedarcrest Boulevard,East York,M4B 2N9,M4B
Fairbank,2335 Dufferin Street,York,M6E 3S5,M6E
Anson S Taylor,20 Placentia Boulevard,Agincourt,M1S 4C5,M1S
Lynngate,129 Cass Avenue,Agincourt,M1T 2B5,M1T
Danforth Gardens,20 Santamonica Boulevard,Scarborough,M1L 4H4,M1L
John Ross Robertson,130 Glengrove Avenue West,Toronto,M4R 1P2,M4R
Leslieville,254 Leslie Street,Toronto,M4M 3C9,M4M
Annette Street,265 Annette Street,Toronto,M6P 1R3,M6P
Chester Le,201 Chester Le Boulevard,Agincourt,M1W 2K7,M1W
Maryvale,1325 Pharmacy Avenue,Scarborough,M1R 2J1,M1R
High Park Alternative,265 Annette Street,Toronto,M6P 1R3,M6P
Silver Springs,222 Silver Springs Boulevard,Agincourt,M1V 1S4,M1V
Balmy Beach Community School,14 Pine Avenue,Toronto,M4E 1L6,M4E
Lucy McCormick Senior School,2717 Dundas Street West,Toronto,M6P 1Y1,M6P
Brookmill Boulevard,25 Brookmill Boulevard,Agincourt,M1W 2L5,M1W
Charles Gordon Senior,25 Marcos Boulevard,Scarborough,M1K 5A7,M1K
Downsview,2829 Keele Street,North York,M3M 2G7,M3M
Perth Avenue,14 Ruskin Avenue,Toronto,M6P 3P8,M6P
Iroquois,265 Chartland Boulevard South,Agincourt,M1S 2S6,M1S
Sheppard,1430 Sheppard Avenue West,North York,M3M 2W9,M3M
Gosford,30 Gosford Boulevard,North York,M3N 2G8,M3N
Baycrest,145 Baycrest Avenue,North York,M6A 1W4,M6A
H J Alexander Community School,30 King Street,York,M9N 1K9,M9N
Howard,30 Marmaduke Street,Toronto,M6R 1T2,M6R
Victoria Park Elementary School,145 Tiago Avenue,East York,M4B 2A6,M4B
Lord Dufferin,350 Parliament Street,Toronto,M5A 2Z7,M5A
Armour Heights,148 Wilson Avenue,North York,M5M 3A5,M5M
Humewood Community School,15 Cherrywood Avenue,York,M6C 2X4,M6C
Downtown Alternative School,85 Lower Jarvis Street,Toronto,M5E 1R8,M5E
Earl Haig,15 Earl Haig Avenue,Toronto,M4C 1E2,M4C
Shaughnessy,30 Shaughnessy Boulevard,North York,M2J 1H5,M2J
North Bendale,29 Aveline Crescent,Scarborough,M1H 2P4,M1H
James S Bell Middle Sports and Wellness Academy,90 Thirty First Street,Etobicoke,M8W 3E9,M8W
Anson Park,30 MacDuff Crescent,Scarborough,M1M 1X5,M1M
Twentieth Street,3190 Lake Shore Boulevard West,Etobicoke,M8V 1L8,M8V
Brock,93 Margueretta Street,Toronto,M6H 3S4,M6H
Lamberton,33 Lamberton Boulevard,North York,M3J 1G6,M3J
Pauline Johnson,35 Dunmurray Boulevard,Agincourt,M1T 2K2,M1T
Dundas,935 Dundas Street East,Toronto,M4M 1R4,M4M
Blacksmith,45 Blacksmith Crescent,North York,M3N 1V5,M3N
Percy Williams,35 White Heather Boulevard,Agincourt,M1V 1P6,M1V
First Nations and Senior School of Toronto,935 Dundas Street East,Toronto,M4M 1R4,M4M
Lambton Park Community School,50 Bernice Crescent,York,M6N 1W9,M6N
Glamorgan,51 Antrim Crescent,Scarborough,M1P 4N4,M1P
Ledbury Park Elementary and,95 Falkirk Street,North York,M5M 4K1,M5M
Cherokee,390 Cherokee Boulevard,North York,M2H 2W7,M2H
Rockcliffe,400 Rockcliffe Boulevard,York,M6N 4R8,M6N
Elizabeth Simcoe,166 Sylvan Avenue,Scarborough,M1E 1A3,M1E
Ranchdale,60 Ranchdale Crescent,North York,M3A 2M3,M3A
Roselands,990 Jane Street,York,M6N 4E2,M6N
Dennis Avenue Community School,17 Dennis Avenue,York,M6N 2T7,M6N
Cassandra,45 Cassandra Boulevard,North York,M3A 1S5,M3A
Winona Drive Senior,101 Winona Drive,Toronto,M6G 3S8,M6G
St George's,70 Princess Anne Crescent,Etobicoke,M9A 2P7,M9A
Avondale Alternative Elementary School,171 Avondale Avenue,North York,M2N 2V4,M2N
Steelesview,105 Bestview Drive,North York,M2M 2Y1,M2M
North Bridlewood,50 Collingsbrook Boulevard,Agincourt,M1W 1L7,M1W
Denlow,50 Denlow Boulevard,North York,M3B 1P7,M3B
Joyce,26 Joyce Parkway,North York,M6B 2S9,M6B
Glen Ravine,11 Gadsby Drive,Scarborough,M1K 4V4,M1K
Gateway,55 Gateway Boulevard,North York,M3C 1B4,M3C
Cordella,175 Cordella Avenue,York,M6N 2K1,M6N
Roywood,11 Roywood Drive,North York,M3A 2C7,M3A
Jack Miner Senior,405 Guildwood Parkway,West Hill,M1E 1R3,M1E
Bridlewood,60 Bridlewood Boulevard,Agincourt,M1T 1P7,M1T
Gracefield,177 Gracefield Avenue,North York,M6L 1L7,M6L
William Tredway,112 Sedgemount Drive,Scarborough,M1H 1X9,M1H
Morse Street,180 Carlaw Avenue,Toronto,M4M 2R9,M4M
McMurrich,115 Winona Drive,Toronto,M6G 3S8,M6G
Morrish,61 Canmore Boulevard,Scarborough,M1C 3T7,M1C
Queen Alexandra,181 Broadview Avenue,Toronto,M4M 2G3,M4M
Elkhorn,10 Elkhorn Drive,North York,M2K 1J3,M2K
Beverly Glen,85 Beverly Glen Boulevard,Agincourt,M1W 1W4,M1W
Park Lane,60 Park Lane Circle,North York,M3C 2N2,M3C
Charlottetown,85 Charlottetown Boulevard,West Hill,M1C 2C7,M1C
Churchill,188 Churchill Avenue,North York,M2N 1Z5,M2N
Elmbank Middle Academy,10 Pittsboro Drive,Etobicoke,M9V 3R4,M9V
The Waterfront School,635 Queens Quay West,Toronto,M5V 3G3,M5V
Brooks Road,85 Keeler Boulevard,West Hill,M1E 4K6,M1E
Gledhill,2 Gledhill Avenue,Toronto,M4C 5K6,M4C
Chalkfarm,100 Chalkfarm Drive,North York,M3L 1L4,M3L
Humberwood Downs Middle Academy,850 Humberwood Boulevard,Etobicoke,M9W 7A6,M9W
Bayview,25 Bunty Lane,North York,M2K 1W4,M2K
Keelesdale,200 Bicknell Avenue,York,M6M 4G9,M6M
Milne Valley,100 Underhill Drive,North York,M3A 2J9,M3A
Alexmuir,95 Alexmuir Boulevard,Agincourt,M1V 1H6,M1V
Amesbury,201 Gracefield Avenue,North York,M6L 1L7,M6L
Crestview,101 Seneca Hill Drive,North York,M2J 2W3,M2J
Swansea,207 Windermere Avenue,Toronto,M6S 3J9,M6S
Faywood Arts-Based Curriculum School,95 Faywood Boulevard,North York,M3H 2X5,M3H
Don Mills,17 The Donway East,North York,M3C 1X6,M3C
Whitney,119 Rosedale Heights Drive,Toronto,M4T 1C7,M4T
Lucy Maud Montgomery,95 Murison Boulevard,Scarborough,M1B 2L6,M1B
J S Woodsworth Senior,120 Sedgemount Drive,Scarborough,M1H 1X9,M1H
Market Lane,246 The Esplanade,Toronto,M5A 4J6,M5A
Terraview-Willowfield,95 Pachino Boulevard,Scarborough,M1R 4K1,M1R
Yorkwoods,25 Yorkwoods Gate,North York,M3N 1K1,M3N
Blake Street,21 Boultbee Avenue,Toronto,M4J 1A7,M4J
Henry Kelsey Senior,1200 Huntingwood Drive,Agincourt,M1S 1K7,M1S
Agnes Macphail,112 Goldhawk Trail,Agincourt,M1V 1W5,M1V
Dr Marion Hilliard Senior,280 Washburn Way,Agincourt,M1B 2P3,M1B
East Alternative School of Toronto,21 Boultbee Avenue,Toronto,M4J 1A7,M4J
Berner Trail,120 Berner Trail,Agincourt,M1B 1B3,M1B
Dixon Grove,315 The Westway,Etobicoke,M9R 1H1,M9R
Cedar Drive,21 Gatesview Avenue,Scarborough,M1J 3G4,M1J
Yorkview,130 Yorkview Drive,North York,M2R 1K1,M2R
Milliken,130 Port Royal Trail,Agincourt,M1V 2T4,M1V
Highland Heights,35 Glendower Circuit,Agincourt,M1T 2Z3,M1T
Samuel Hearne,21 Newport Avenue,Scarborough,M1L 4N7,M1L
Fenside,131 Fenside Drive,North York,M3A 2V9,M3A
Mary Shadd,135 Hupfield Trail,Scarborough,M1B 4R6,M1B
Cameron,211 Cameron Avenue,North York,M2N 1E8,M2N
West Humber,15 Delsing Drive,Etobicoke,M9W 4S7,M9W
Highland Creek,1410 Military Trail,West Hill,M1C 1A8,M1C
Crescent Town Elementary School,4 Massey Square,East York,M4C 5M9,M4C
Highview,22 Highview Avenue,North York,M3M 1C4,M3M
Eatonville,15 Rossburn Drive,Etobicoke,M9C 2P7,M9C
Fairglen,2200 Pharmacy Avenue,Agincourt,M1W 1H8,M1W
Grey Owl,150 Wickson Trail,Agincourt,M1B 1M4,M1B
Lawrence Heights,50 Highland Hill,North York,M6A 2R1,M6A
Eglinton,223 Eglinton Avenue East,Toronto,M4P 1L1,M4P
Hunter's Glen,16 Haileybury Drive,Scarborough,M1K 4X5,M1K
Joseph Howe Senior,20 Winter Gardens Trail,West Hill,M1C 3E7,M1C
Cornell,61 Holmfirth Terrace,Scarborough,M1G 1G8,M1G
Tom Longboat,37 Crow Trail,Scarborough,M1B 1X6,M1B
Poplar Road,66 Dearham Wood,West Hill,M1E 1S4,M1E
Spectrum Alternative Senior School,43 Millwood Road,Toronto,M4S 1J6,M4S
Lord Roberts,165 Lord Roberts Drive,Scarborough,M1K 3W5,M1K
Highcastle,370 Military Trail,West Hill,M1E 4E6,M1E
Givins/Shaw,49 Givins Street,Toronto,M6J 2X5,M6J
O'Connor,1665 O'Connor Drive,North York,M4A 1W5,M4A
Banting and Best,380 Goldhawk Trail,Agincourt,M1V 4E7,M1V
Island Public/Natural Science School,30 Centre Island Park,Toronto,M5J 2E9,M5J
Garden Avenue,225 Garden Avenue,Toronto,M6R 1M9,M6R
Port Royal,408 Port Royal Trail,Agincourt,M1V 4R1,M1V
R J Lang Elementary and,227 Drewry Avenue,North York,M2M 1E3,M2M
Smithfield,175 Mount Olive Drive,Etobicoke,M9V 2E3,M9V
Alexander Stirling,70 Fawcett Trail,Scarborough,M1B 3A9,M1B
Dovercourt,228 Bartlett Avenue,Toronto,M6H 3G4,M6H
Dallington,18 Dallington Drive,North York,M2J 2G3,M2J
Carleton Village and Senior Sports and Wellness Academy,315 Osler Street,Toronto,M6N 2Z4,M6N
Malvern,70 Mammoth Hall Trail,Agincourt,M1B 1P6,M1B
Pelmo Park,180 Gary Drive,North York,M9N 2M1,M9N
Avondale,171 Avondale Avenue,North York,M2N 2V4,M2N
David Hornell,32 Victoria Street,Etobicoke,M8V 1M6,M8V
Blantyre,290 Blantyre Avenue,Scarborough,M1N 2S4,M1N
Rosethorn,2 Remington Drive,Etobicoke,M9A 2J1,M9A
Ogden,33 Phoebe Street,Toronto,M5T 1A8,M5T
Dunlace,20 Dunlace Drive,North York,M2L 2S1,M2L
West Hill,299 Morningside Avenue,West Hill,M1E 3G1,M1E
Lord Lansdowne,33 Robert Street,Toronto,M5S 2K2,M5S
Donview Middle Health and Wellness Academy,20 Evermede Drive,North York,M3A 2S3,M3A
Corvette,30 Corvette Avenue,Scarborough,M1K 3G2,M1K
General Mercer,30 Turnberry Avenue,Toronto,M6N 1P8,M6N
City View Alternative Senior School,38 Shirley Street,Toronto,M6K 1S9,M6K
Shirley Street,38 Shirley Street,Toronto,M6K 1S9,M6K
John D Parker,202 Mount Olive Drive,Etobicoke,M9V 3Z5,M9V
Silverthorn Community School,300 Kane Avenue,York,M6M 3P1,M6M
Bessborough Drive Elementary and,211 Bessborough Drive,East York,M4G 3K2,M4G
Montrose,301 Montrose Avenue,Toronto,M6G 3G9,M6G
Horizon Alternative Senior School,401 College Street,Toronto,M5T 1S9,M5T
Thomas L Wells,69 Nightstar Road,Scarborough,M1X 1V6,M1X
Rosedale,22 South Drive,Toronto,M4W 1R1,M4W
Delta Alternative Senior School,301 Montrose Avenue,Toronto,M6G 3G9,M6G
Kensington Community School,401 College Street,Toronto,M5T 1S9,M5T
Wellesworth,225 Wellesworth Drive,Etobicoke,M9C 4S5,M9C
Bloorlea,4050 Bloor Street West,Etobicoke,M9B 1M5,M9B
Daystrom,25 Daystrom Drive,North York,M9M 2A8,M9M
Wilmington Elementary School,330 Wilmington Avenue,North York,M3H 5L1,M3H
Nelson Mandela Park,440 Shuter Street,Toronto,M5A 1X6,M5A
Westway,25 Poynter Drive,Etobicoke,M9R 1K8,M9R
McKee,35 Church Avenue,North York,M2N 6X6,M2N
Inglewood Heights,45 Dempster Street,Agincourt,M1T 2T6,M1T
Beverley Heights,26 Troutbrooke Drive,North York,M3M 1S5,M3M
Brookside,75 Oasis Blvd,Scarborough,M1X 0A3,M1X
Sunnylea,35 Glenroy Avenue,Etobicoke,M8Y 2M2,M8Y
Brookview,4505 Jane Street,North York,M3N 2K7,M3N
Cliffside,27 East Haven Drive,Scarborough,M1N 1M1,M1N
ALPHA II Alternative School,1141 Bloor Street West,Toronto,M6H 1M9,M6H
Karen Kain School of the Arts,60 Berl Avenue,Etobicoke,M8Y 3C7,M8Y
Tumpane,48 Tumpane Street,North York,M3M 1L8,M3M
George Anderson,30 George Anderson Drive,North York,M6M 2Y8,M6M
Africentric Alternative School,1430 Sheppard Avenue West,North York,M3M 2W9,M3M
Rivercrest,30 Harefield Drive,Etobicoke,M9W 4C9,M9W
Hollywood,360 Hollywood Avenue,North York,M2N 3L4,M2N
da Vinci School,33 Robert Street,Toronto,M5S 2K2,M5S
Hawthorne II Bilingual Alternative,50 Essex Street,Toronto,M6G 1T3,M6G
Parkfield,31 Redgrave Drive,Etobicoke,M9R 3T9,M9R
The Grove Community School,108 Gladstone Avenue,Toronto,M6J 3L2,M6J
Essex,50 Essex Street,Toronto,M6G 1T3,M6G
Ossington/Old Orchard,380 Ossington Avenue,Toronto,M6J 3A5,M6J
Shoreham Public Sports and Wellness Academy,31 Shoreham Drive,North York,M3N 2S6,M3N
Harwood,50 Leigh Street,York,M6N 3X3,M6N
Equinox Holistic Alternative School,151 Hiawatha Road,Toronto,M4L 2Y1,M4L
Oakdale Park,315 Grandravine Drive,North York,M3N 1J5,M3N
Allenby,391 St Clements Avenue,Toronto,M5N 1M2,M5N
Huron Street,541 Huron Street,Toronto,M5R 2R6,M5R
Boys' Leadership Academy at The Elms,45 Golfdown Drive,Etobicoke,M9W 2H8,M9W
John Fisher,40 Erskine Avenue,Toronto,M4P 1Y2,M4P
Cedarbrook,56 Nelson Street,Scarborough,M1J 2V6,M1J
Girls' Leadership Academy at Highland Heights,35 Glendower Circuit,Agincourt,M1T 2Z3,M1T
Parkside Elementary School,401 Cedarvale Avenue,East York,M4C 4K7,M4C
Calico,35 Calico Drive,North York,M3L 1V5,M3L
Valleyfield,35 Saskatoon Drive,Etobicoke,M9P 2E8,M9P
Vocal Music Academy at Heather Heights,80 Slan Avenue,Scarborough,M1G 3B5,M1G
West Rouge,401 Friendship Avenue,West Hill,M1C 2X8,M1C
Vocal Music Academy at Ryerson Community School,96 Denison Avenue,Toronto,M5T 1E4,M5T
Hilltop,35 Trehorne Drive,Etobicoke,M9P 1N8,M9P
Glenview Senior,401 Rosewell Avenue,Toronto,M4R 2B5,M4R
Beverley School,64 Baldwin Street,Toronto,M5T 1L4,M5T
Pape Avenue,220 Langley Avenue,Toronto,M4K 1B9,M4K
Claireville,350 Silverstone Drive,Etobicoke,M9V 3J4,M9V
Heritage Park,80 Old Finch Avenue,Scarborough,M1B 5J2,M1B
Thorncliffe Park,80 Thorncliffe Park Drive,East York,M4H 1K3,M4H
Fisherville Sr,425 Patricia Avenue,North York,M2R 2N1,M2R
Maurice Cody,364 Belsize Drive,Toronto,M4S 1N2,M4S
Humbercrest,14 Saint Marks Road,York,M6S 2H7,M6S
Woburn,40 Dormington Drive,Scarborough,M1G 3N2,M1G
Highfield,85 Mount Olive Drive,Etobicoke,M9V 2C9,M9V
Islington,44 Cordova Avenue,Etobicoke,M9A 2H5,M9A
Lambton-Kingsway,525 Prince Edward Drive,Etobicoke,M8X 2M6,M8X
Hillcrest Community School,44 Hilton Avenue,Toronto,M5R 3E6,M5R
Broadacres,45 Crendon Drive,Etobicoke,M9C 3G6,M9C
Victoria Village,88 Sweeney Drive,North York,M4A 1T7,M4A
The Elms,45 Golfdown Drive,Etobicoke,M9W 2H8,M9W
Grenoble,9 Grenoble Drive,North York,M3C 1C3,M3C
William J McCordic School,45 Balfour Avenue,Toronto,M4C 1T4,M4C
Willow Park,45 Windover Drive,Scarborough,M1G 1P1,M1G
Tam O'Shanter,21 King Henrys Boulevard,Agincourt,M1T 2V3,M1T
Walter Perry,45 Falmouth Avenue,Scarborough,M1K 4M7,M1K
Manhattan Park,90 Manhattan Drive,Scarborough,M1R 3V8,M1R
Charles G Fraser,79 Manning Avenue,Toronto,M6J 2K6,M6J
Cresthaven,46 Cresthaven Drive,North York,M2H 1M1,M2H
Brian,95 Brian Drive,North York,M2J 3Y6,M2J
Lanor,450 Lanor Avenue,Etobicoke,M8W 2S1,M8W
Oriole Park,80 Braemar Avenue,Toronto,M5P 2L4,M5P
Bellmere,470 Brimorton Drive,Scarborough,M1H 2E6,M1H
John A Leslie,459 Midland Avenue,Scarborough,M1N 4A7,M1N
North Preparatory,1100 Spadina Road,Toronto,M5N 2M6,M5N
Heather Heights,80 Slan Avenue,Scarborough,M1G 3B5,M1G
Clinton Street,460 Manning Avenue,Toronto,M6G 2V7,M6G
Kingsview Village,1 York Road,Etobicoke,M9R 3C8,M9R
West Glen,47 Cowley Avenue,Etobicoke,M9B 2E4,M9B
Elmlea,50 Hadrian Drive,Etobicoke,M9W 1V4,M9W
Bliss Carman Senior,10 Bellamy Road South,Scarborough,M1M 3N8,M1M
Bedford Park,81 Ranleigh Avenue,Toronto,M4N 1X2,M4N
Lynnwood Heights,50 Southlawn Drive,Agincourt,M1S 1J1,M1S
Wedgewood,5 Swan Avenue,Etobicoke,M9B 1V1,M9B
Flemington,10 Flemington Road,North York,M6A 2N4,M6A
Frankland Community School,816 Logan Avenue,Toronto,M4K 3E1,M4K
Stilecroft,50 Stilecroft Drive,North York,M3J 1A7,M3J
Bloordale,10 Toledo Road,Etobicoke,M9C 2H3,M9C
Cottingham,85 Birch Avenue,Toronto,M4V 1E3,M4V
Claude Watson School for the Arts,130 Doris Avenue,North York,M2N 0A8,M2N
Vradenburg,50 Vradenberg Drive,Agincourt,M1T 1M6,M1T
Courcelette,100 Fallingbrook Road,Scarborough,M1N 2T6,M1N
John English,95 Mimico Avenue,Etobicoke,M8V 1R4,M8V
Kimberley,50 Swanwick Avenue,Toronto,M4E 2Z5,M4E
Rose Avenue,675 Ontario Street,Toronto,M4X 1N4,M4X
Ryerson Community School,96 Denison Avenue,Toronto,M5T 1E4,M5T
Beaches Alternative,50 Swanwick Avenue,Toronto,M4E 2Z5,M4E
Chine Drive,51 Chine Drive,Scarborough,M1M 2K8,M1M
Melody Village,520 Silverstone Drive,Etobicoke,M9V 3L5,M9V
Sprucecourt ,70 Spruce Street,Toronto,M5A 2J1,M5A
Keele Street,99 Mountview Avenue,Toronto,M6P 2L5,M6P
Mountview Alternative,99 Mountview Avenue,Toronto,M6P 2L5,M6P
Arbor Glen,55 Freshmeadow Drive,North York,M2H 3H6,M2H
Lester B Pearson Elementary School,7 Snowcrest Avenue,North York,M2K 2K5,M2K
Second Street,71 Second Street,Etobicoke,M8V 2X4,M8V
Bruce,51 Larchmount Avenue,Toronto,M4M 2Y6,M4M
Westwood,994 Carlaw Avenue,East York,M4K 3M6,M4K
Cosburn,520 Cosburn Avenue,East York,M4J 2P1,M4J
St Andrews,60 Brimorton Drive,Scarborough,M1P 3Z1,M1P
Broadlands,106 Broadlands Boulevard,North York,M3A 1J7,M3A
Wilkinson,53 Donlands Avenue,Toronto,M4J 3N7,M4J
George P Mackie,60 Heathfield Drive,Scarborough,M1M 3B1,M1M
Norman Cook,725 Danforth Road,Scarborough,M1K 1G4,M1K
Briarcrest,60 Wellesworth Drive,Etobicoke,M9C 4R3,M9C
Bendale,61 Benshire Drive,Scarborough,M1H 1M4,M1H
Golf Road,730 Scarborough Golf Club Road,Scarborough,M1G 1H7,M1G
General Brock,140 Chestnut Crescent,Scarborough,M1L 1Y5,M1L
Sir Adam Beck,544 Horner Avenue,Etobicoke,M8W 2C2,M8W
Seneca Hill,625 Seneca Hill Drive,North York,M2J 2W6,M2J
Ellesmere-Statton,739 Ellesmere Road,Scarborough,M1P 2W1,M1P
Braeburn,15 Tandridge Crescent,Etobicoke,M9W 2N8,M9W
Norway,390 Kingston Road,Toronto,M4L 1T9,M4L
Hollycrest,630 Renforth Drive,Etobicoke,M9C 2N6,M9C
Stanley,75 Stanley Road,North York,M3N 1C2,M3N
Blythwood,2 Strathgowan Crescent,Toronto,M4N 2Z5,M4N
Earl Beatty,55 Woodington Avenue,Toronto,M4C 3J6,M4C
Princess Margaret,65 Tromley Drive,Etobicoke,M9B 5Y7,M9B
Kennedy,20 Elmfield Crescent,Scarborough,M1V 2Y6,M1V
Brookhaven,70 Brookhaven Drive,North York,M6M 4N8,M6M
Meadowvale,761 Meadowvale Road,West Hill,M1C 1T1,M1C
Beaumonde Heights,70 Monterrey Drive,Etobicoke,M9V 1T1,M9V
Clairlea,25 Rosalind Crescent,Scarborough,M1L 2X1,M1L
Fairbank Memorial Community School,555 Harvie Avenue,York,M6E 4M2,M6E
Forest Hill,78 Dunloe Road,Toronto,M5P 2T6,M5P
West Preparatory,70 Ridge Hill Drive,Toronto,M6C 2J6,M6C
Firgrove,270 Firgrove Crescent,North York,M3N 1K8,M3N
R H McGregor Elementary School,555 Mortimer Avenue,East York,M4J 2G9,M4J
Mason Road,78 Mason Road,Scarborough,M1M 3R2,M1M
Regent Heights,555 Pharmacy Avenue,Scarborough,M1L 3H1,M1L
Bowmore Road,80 Bowmore Road,Toronto,M4L 3J2,M4L
Indian Road Crescent,285 Indian Road Crescent,Toronto,M6P 2G8,M6P
Bala Avenue Community School,6 Bala Avenue,York,M6M 2E1,M6M
Derrydown,120 Derrydown Road,North York,M3J 1R7,M3J
Harrison,81 Harrison Road,North York,M2L 1V9,M2L
Humber Summit,60 Pearldale Avenue,North York,M9L 2G9,M9L
George B Little,125 Orton Park Road,Scarborough,M1G 3G9,M1G
Donwood Park,61 Dorcot Avenue,Scarborough,M1P 3K5,M1P
Ionview,90 Ionview Road,Scarborough,M1K 2Z9,M1K
Warden Avenue,644 Warden Avenue,Scarborough,M1L 3Z3,M1L
John G Althouse,130 Lloyd Manor Road,Etobicoke,M9B 5K1,M9B
Pringdale Gardens,1325 Danforth Road,Scarborough,M1J 1G5,M1J
Dewson Street,65 Concord Avenue,Toronto,M6H 2N9,M6H
Kingslake,90 Kingslake Road,North York,M2J 3E8,M2J
Topcliff,65 Topcliff Avenue,North York,M3N 1L6,M3N
Robert Service Senior,945 Danforth Road,Scarborough,M1K 1J2,M1K
Warren Park,135 Varsity Road,York,M6S 4P4,M6S
Westmount,95 Chapman Road,Etobicoke,M9P 1E9,M9P
Regal Road,95 Regal Road,Toronto,M6H 2J6,M6H
Sloane,110 Sloane Avenue,North York,M4A 2B1,M4A
George Syme Community School,69 Pritchard Avenue,York,M6N 1T6,M6N
Chester Elementary School,115 Gowan Avenue,East York,M4K 2E4,M4K
Selwyn Elementary School,1 Selwyn Avenue,East York,M4B 3J9,M4B
George Peck,1 Wayne Avenue,Scarborough,M1R 1Y1,M1R
Cummer Valley,70 Maxome Avenue,North York,M2M 3K1,M2M
Dublin Heights Elementary and,100 Bainbridge Avenue,North York,M3H 2K2,M3H
Queen Victoria,100 Close Avenue,Toronto,M6K 2V3,M6K
Palmerston Avenue,734 Palmerston Avenue,Toronto,M6G 2R4,M6G
Pauline,100 Pauline Avenue,Toronto,M6H 3M8,M6H
Parkdale,78 Seaforth Avenue,Toronto,M6K 3L2,M6K
Jackman Avenue,79 Jackman Avenue,Toronto,M4K 2X5,M4K
Earl Grey Senior,100 Strathcona Avenue,Toronto,M4J 1G8,M4J
William Burgess Elementary School,100 Torrens Avenue,East York,M4J 2P5,M4J
Secord Elementary School,101 Barrington Avenue,East York,M4C 4Y9,M4C
Deer Park,23 Ferndale Avenue,Toronto,M4T 2B4,M4T
Rawlinson Community School,231 Glenholme Avenue,York,M6E 3C7,M6E
Park Lawn,71 Ballacaine Drive,Etobicoke,M8Y 4B6,M8Y
Churchill Heights,749 Brimorton Drive,Scarborough,M1G 2S4,M1G
Bennington Heights Elementary School,76 Bennington Heights Drive,East York,M4G 1B1,M4G
Three Valleys,76 Three Valleys Drive,North York,M3A 3B7,M3A
Roden,151 Hiawatha Road,Toronto,M4L 2Y1,M4L
Birch Cliff,1650 Kingston Road,Scarborough,M1N 1S2,M1N
Diefenbaker Elementary School,175 Plains Road,East York,M4J 2R2,M4J
Glen Ames Senior,18 Williamson Road,Toronto,M4E 1K5,M4E
Galloway Road,192 Galloway Road,West Hill,M1E 1X2,M1E
C D Farquharson,1965 Brimley Road,Agincourt,M1S 2B1,M1S
North Kipling,2 Rowntree Road,Etobicoke,M9V 5C7,M9V
Gulfstream,20 Gulfstream Road,North York,M9M 1S3,M9M
Rene Gordon Elementary Health and Wellness Academy,20 Karen Road,North York,M3A 3L6,M3A
Fleming,20 Littles Road,Scarborough,M1B 5B5,M1B
Rippleton,21 Rippleton Road,North York,M3B 1H4,M3B
Elia,215 Sentinel Road,North York,M3J 1T7,M3J
Millwood,222 Mill Road,Etobicoke,M9C 1Y2,M9C
Guildwood,225 Livingston Road,Scarborough,M1E 1L8,M1E
Willowdale,225 Senlac Road,North York,M2R 1P6,M2R
Edgewood,230 Birkdale Road,Scarborough,M1P 3S4,M1P
J R Wilcox Community School,231 Ava Road,York,M6C 1X3,M6C
St Margaret's,235 Galloway Road,West Hill,M1E 1X5,M1E
Alexander Muir/Gladstone Ave,108 Gladstone Avenue,Toronto,M6J 3L2,M6J
Williamson Road,24 Williamson Road,Toronto,M4E 1K5,M4E
John Buchan Senior,2450 Birchmount Road,Agincourt,M1T 2M5,M1T
Forest Manor,25 Forest Manor Road,North York,M2J 1M4,M2J
Muirhead,25 Muirhead Road,North York,M2J 3W3,M2J
King George,25 Rexford Road,York,M6S 2M2,M6S
Joseph Brant,270 Manse Road,West Hill,M1E 3V4,M1E
Centennial Road,271 Centennial Road,West Hill,M1C 2A2,M1C
Dorset Park,28 Blaisdale Road,Scarborough,M1P 1V6,M1P
Rouge Valley,30 Durnford Road,Scarborough,M1B 4X3,M1B
General Crerar,30 McGregor Road,Scarborough,M1P 1C8,M1P
F H Miller,300 Caledonia Road,York,M6E 4T5,M6E
Maple Leaf,301 Culford Road,North York,M6L 2V4,M6L
Northlea Elementary and,305 Rumsey Road,East York,M4G 1R4,M4G
H A Halbert,31 McCowan Road,Scarborough,M1M 3L7,M1M
Military Trail,701 Military Trail,West Hill,M1E 4P6,M1E
Emily Carr,90 John Tabor Trail,Scarborough,M1B 2V2,M1B
Greenholme,10 Jamestown Crescent,Etobicoke,M9V 3M5,M9V
Portage Trail Community,100 Sidney Belsey Crescent,York,M6M 5H6,M6M
Portage Trail Community,100 Sidney Belsey Crescent,York,M6M 5H6,M6M
John Wanless,245 Fairlawn Avenue,Toronto,M5M 1T2,M5M
Hillmount,245 McNicoll Avenue,North York,M2H 2C6,M2H
Withrow Avenue,25 Bain Avenue,Toronto,M4K 1E5,M4K
Quest Alternative Senior School,25 Bain Avenue,Toronto,M4K 1E5,M4K
Blaydon,25 Blaydon Avenue,North York,M3M 2C9,M3M
Knob Hill School,25 Seminole Avenue,Scarborough,M1J 1M8,M1J
Presteign Heights Elementary School,2570 St Clair Avenue East,East York,M4B 1M3,M4B
Driftwood,265 Driftwood Avenue,North York,M3N 2N6,M3N
D A Morrison,271 Gledhill Avenue,East York,M4C 4L2,M4C
Finch,277 Finch Avenue East,North York,M2N 4S3,M2N
Gordon A Brown,2800 St Clair Avenue East,East York,M4B 1N2,M4B
Hodgson Senior,282 Davisville Avenue,Toronto,M4S 1H2,M4S
Charles H Best,285 Wilmington Avenue,North York,M3H 5K8,M3H
Pleasant,288 Pleasant Avenue,North York,M2R 2R1,M2R
Agincourt,29 Lockie Avenue,Agincourt,M1S 1N3,M1S
Rolph Road Elementary School,31 Rolph Road,East York,M4G 3M5,M4G
Fairmount,31 Sloley Road,Scarborough,M1M 1C7,M1M
Sir Alexander Mackenzie Senior,33 Heather Road,Agincourt,M1S 2E2,M1S
Lescon,34 Lescon Road,North York,M2J 2G6,M2J
Henry Hudson Senior,350 Orton Park Road,Scarborough,M1G 3H4,M1G
Runnymede,357 Runnymede Road,Toronto,M6S 2Y7,M6S
Oakridge,110 Byng Avenue,Scarborough,M1L 3P1,M1L
Buchanan,4 Bucannan Road,Scarborough,M1R 3V3,M1R
Adam Beck,400 Scarborough Road,Toronto,M4E 3M8,M4E
Mill Valley,411 Mill Road,Etobicoke,M9C 1Y9,M9C
Davisville,43 Millwood Road,Toronto,M4S 1J6,M4S
Metropolitan Toronto School for the Deaf,43 Millwood Road,Toronto,M4S 1J6,M4S
John McCrae,431 McCowan Road,Scarborough,M1J 1J1,M1J
Ancaster,44 Ancaster Road,North York,M3K 1S6,M3K
Albion Heights,45 Lynmont Road,Etobicoke,M9V 3W9,M9V
Sunny View,450 Blythwood Road,Toronto,M4N 1A9,M4N
Brown,454 Avenue Road,Toronto,M4V 2J1,M4V
J G Workman,487 Birchmount Road,Scarborough,M1K 1N7,M1K
Etienne Brule,50 Cloverhill Road,Etobicoke,M8Y 1T3,M8Y
Norman Ingram,50 Duncairn Road,North York,M3B 1C8,M3B
Seneca School,580 Rathburn Road,Etobicoke,M9C 3T3,M9C
William G Miller,60 Bennett Road,West Hill,M1E 3Y3,M1E
North Agincourt,60 Moran Road,Agincourt,M1S 2J3,M1S
Rockford,60 Rockford Road,North York,M2R 3A7,M2R
Jesse Ketchum,61 Davenport Road,Toronto,M5R 1H4,M5R
Humber Valley Village,65 Hartfield Road,Etobicoke,M9A 3E1,M9A
John G Diefenbaker,70 Dean Park Road,Scarborough,M1B 2X3,M1B
Duke of Connaught,70 Woodfield Road,Toronto,M4L 2W6,M4L
Tecumseh Senior,720 Scarborough Golf Club Road,Scarborough,M1G 1H7,M1G
Church Street,83 Alexander Street,Toronto,M4Y 1B7,M4Y
Chartland,109 Chartland Boulevard South,Agincourt,M1S 2R7,M1S
Pineway,110 Pineway Boulevard,North York,M2H 1A8,M2H
Owen,111 Owen Boulevard,North York,M2P 1G6,M2P
J B Tyrrell Senior,10 Corinthian Boulevard,Agincourt,M1W 1B3,M1W
David Lewis,130 Fundy Bay Boulevard,Agincourt,M1W 3G1,M1W
Valley Park,130 Overlea Boulevard,Don Mills,M3C 1B2,M3C
Sir Samuel B Steele,131 Huntsmill Boulevard,Agincourt,M1W 2Y2,M1W
Macklin,136 Ingleton Boulevard,Scarborough,M1V 2Y4,M1V
Summit Heights,139 Armour Boulevard,North York,M3H 1M1,M3H
Sir Ernest MacMillan Senior,149 Huntsmill Boulevard,Scarborough,M1W 2Y2,M1W
Ernest,150 Cherokee Boulevard,North York,M2J 4A4,M2J
Island Public/Natural Science,30 Centre Island Pk ,Toronto,M5J 2E9,M5J
Northlea,305 Rumsey Rd ,Toronto,M4G 1R4,M4G
Rolph Road,31 Rolph Rd ,Toronto,M4G 3M5,3M5
Alvin Curling,50 Upper Rouge Trail,Toronto,M1B 6K4,M1B
The Waterfront,635 Queen's Quay W ,Toronto,M5V 3G3,M5V
Frankland,816 Logan Ave,Toronto,M4K 3E1,M4K
Lambton Kingsway,525 Prince Edward Dr ,Toronto,M8X 2M6,M8X
Bennington Heights,76 Bennington Heights Dr,Toronto,M4G 1B1,M4G
Humberwood Downs,850 Humberwood Blvd,Toronto,M9W 7A6,M9W
Balmy Beach,14 Pine Ave,Toronto,M4E 1L6,M4E
Ledbury Park,95 Falkirk St ,Toronto,M5M 4K1,M5M
Hillcrest,44 Hilton Ave,Toronto,M5R 3E6,M5R
Hawthorne II Bilingual,50 Essex St,Toronto,M6G 1T3,M6G
Humewood,15 Cherrywood Ave ,Toronto,M6C 2X4,M6C
Dublin Heights,100 Bainbridge Ave ,Toronto,M3H 2K2,M3H
James S Bell,90 Thirty First St ,Toronto,M8W 3E9,M8W
Sprucecourt,70 Spruce St ,Toronto,M5A 2J1,M5A
Faywood Arts,95 Faywood Blvd ,Toronto,M3H 2X5,M3H
Ryerson,96 Denison Ave ,Toronto,M5T 1E4,M5T
Whole Child,151 Hiawatha Road ,Toronto,M4L 2Y1,M4L
George Webster,2 Cedarcrest Blvd,Toronto,M4B 2N9,M4B
Carleton Village,315 Osler St ,Toronto,M6N 2Z4,M6N
Elmbank,10 Pittsboro Dr ,Toronto,M9V 3R4,M9V
J R Wilcox,231 Ava Rd,Toronto,M6C 1X3,M6C
Rawlinson,231 Glenholme Ave,Toronto,M6E 3C7,M6E
Kane,300 Kane Ave,Toronto,M6M 3P1,M6M
Portage Trail Junior Community,100 Sidney Belsey Cres,Toronto,M6M 5H6,M6M
Knob Hill,25 Seminole Ave ,Toronto,M1J 1M8,M1J
R J Lang,227 Drewry Ave ,Toronto,M2M 1E3,M2M
First Nations School of Toronto,935 Dundas St E,Toronto,M4M 1R4,M4M
